60.00000,-30.52481,-48.42500,-0.00000,-0.00000,1.00000
58.85328,-30.78508,-48.42500,0.00000,0.00000,1.00000
57.50000,-31.79719,-48.42500,-0.00000,-0.00000,1.00000
55.00000,-31.92649,-48.42500,-0.00000,-0.00000,1.00000
49.59102,-33.33333,-48.42500,-0.00000,-0.00000,1.00000
42.50000,-36.33742,-48.42500,-0.00000,-0.00000,1.00000
37.50000,-39.16756,-48.42500,-0.00000,-0.00000,1.00000
35.00000,-41.25918,-48.42500,-0.00000,-0.00000,1.00000
32.40215,-44.44444,-48.42500,-0.00000,-0.00000,1.00000
30.00000,-49.17998,-48.42500,-0.00000,-0.00000,1.00000
28.17038,-55.55556,-48.42500,-0.00000,-0.00000,1.00000
27.24382,-61.11111,-48.42500,-0.00000,-0.00000,1.00000
26.63587,-72.22222,-48.42500,-0.00000,-0.00000,1.00000
27.26690,-88.37090,-48.42500,-0.00000,-0.00000,1.00000
28.60754,-105.55556,-48.42500,-0.00000,-0.00000,1.00000
29.08788,-116.66667,-48.42500,-0.00000,-0.00000,1.00000
29.03445,-127.77778,-48.42500,-0.00000,-0.00000,1.00000
28.18812,-140.41804,-48.42500,-0.00000,-0.00000,1.00000
26.04773,-157.88385,-48.42500,-0.00000,-0.00000,1.00000
25.20369,-161.11111,-48.42500,-0.00000,-0.00000,1.00000
24.78357,-166.18570,-48.42500,-0.00000,-0.00000,1.00000
23.56001,-172.22222,-48.42500,-0.00000,-0.00000,1.00000
18.86604,-186.36897,-48.42500,-0.00000,-0.00000,1.00000
17.37162,-188.88889,-48.42500,-0.00000,-0.00000,1.00000
15.00000,-194.22496,-48.42500,-0.00000,-0.00000,1.00000
13.30299,-200.00000,-48.42500,-0.00000,-0.00000,1.00000
